ชื่อ-สกุล (ผู้รับประกัน),เลขบัตรประชาชน,เบอร์โทรศัพท์,Email,ว/ด/ป เกิด(พ.ศ.) (ผู้รับประกัน),อายุ (ผู้รับประกัน),คู่สมรส: มีชีวิต,คู่สมรส: ชื่อ-สกุล,คู่สมรส: ว/ด/ป เกิด(พ.ศ.),คู่สมรส: อายุ,บุตรคนที่ 1: มีชีวิต,บุตรคนที่ 1: ชื่อ-สกุล,บุตรคนที่ 1: ว/ด/ป เกิด(พ.ศ.),บุตรคนที่ 1: อายุ,บุตรคนที่ 2: มีชีวิต,บุตรคนที่ 2: ชื่อ-สกุล,บุตรคนที่ 2: ว/ด/ป เกิด(พ.ศ.),บุตรคนที่ 2: อายุ,วันที่เริ่มสัญญาฉบับปัจจุบัน,วันที่สิ้นสุดอายุความคุ้มครอง,จำนวนวันที่ต่ออายุล่วงหน้า
ณัฐพงษ์ มั่นคง,1551170486430,0691043165,user_1@example.com,09/08/2532,37ปี 59วัน,มีชีวิต,ชุติมา มั่นคง,12/03/2532,37ปี 209วัน,มีชีวิต,กิตติศักดิ์ มั่นคง,27/05/2558,11ปี 133วัน,มีชีวิต,กัญญารัตน์ มั่นคง,02/12/2565,3ปี 309วัน,07/10/2568,07/10/2569,45 วัน
ธนพล รัตนวงค์,7581798207012,0922373604,user_2@example.com,24/03/2525,44ปี 216วัน,มีชีวิต,ศิริพร รัตนวงค์,04/10/2527,42ปี 22วัน,มีชีวิต,พรทิพย์ รัตนวงค์,04/03/2558,11ปี 236วัน,มีชีวิต,อนุชา รัตนวงค์,11/12/2566,2ปี 319วัน,26/10/2568,26/10/2569,90 วัน
สมชาย ทองประเสริฐ,4310515389943,0915136949,user_3@example.com,11/04/2538,31ปี 221วัน,มีชีวิต,ชุติมา ทองประเสริฐ,07/07/2535,34ปี 134วัน,มีชีวิต,กิตติศักดิ์ ทองประเสริฐ,03/07/2563,6ปี 138วัน,มีชีวิต,นฤมล ทองประเสริฐ,24/04/2567,2ปี 208วัน,18/11/2568,18/11/2569,20 วัน
ธนพล วรคุณ,4400318370955,0846516932,user_4@example.com,17/11/2520,48ปี 353วัน,มีชีวิต,นฤมล วรคุณ,06/12/2526,42ปี 334วัน,มีชีวิต,ศิริพร วรคุณ,26/10/2553,16ปี 10วัน,มีชีวิต,ณัฐพงษ์ วรคุณ,27/09/2559,10ปี 39วัน,05/11/2568,05/11/2569,60 วัน
กิตติศักดิ์ ศรีสวัสดิ์,6655566800274,0975305732,user_5@example.com,20/11/2512,56ปี 354วัน,เสียชีวิต,วรรณภา ศรีสวัสดิ์,19/08/2517,52ปี 82วัน,มีชีวิต,พิมพา ศรีสวัสดิ์,08/05/2557,12ปี 185วัน,-,-,-,-,09/11/2568,09/11/2569,50 วัน
ณัฐพงษ์ เจริญผล,1548531545891,0695990250,user_6@example.com,12/10/2504,65ปี 0วัน,มีชีวิต,พรทิพย์ เจริญผล,08/01/2506,63ปี 277วัน,มีชีวิต,สมชาย เจริญผล,18/10/2555,13ปี 359วัน,-,-,-,-,12/10/2568,12/10/2569,30 วัน
ณัฐพงษ์ รัตนวงค์,5703501581658,0912858527,user_7@example.com,03/12/2532,36ปี 317วัน,สูญหาย,สุภาพร รัตนวงค์,07/10/2533,36ปี 9วัน,มีชีวิต,ณัฐพงษ์ รัตนวงค์,01/06/2560,9ปี 137วัน,สูญหาย,ชุติมา รัตนวงค์,19/05/2566,3ปี 150วัน,16/10/2568,16/10/2569,20 วัน
อนุชา รัตนวงค์,6424530942126,0950767385,user_8@example.com,25/07/2524,45ปี 92วัน,เสียชีวิต,ชุติมา รัตนวงค์,11/03/2525,44ปี 228วัน,สูญหาย,กิตติศักดิ์ รัตนวงค์,15/09/2568,1ปี 40วัน,-,-,-,-,25/10/2568,25/10/2569,47 วัน
กิตติศักดิ์ รัตนวงค์,1580217951141,0957282401,user_9@example.com,27/08/2534,35ปี 71วัน,มีชีวิต,พรทิพย์ รัตนวงค์,04/12/2511,57ปี 337วัน,สูญหาย,สมชาย รัตนวงค์,21/09/2563,6ปี 46วัน,เสียชีวิต,ศิริพร รัตนวงค์,19/12/2563,5ปี 322วัน,06/11/2568,06/11/2569,47 วัน
ธนพล รัตนวงค์,5791033527551,0655602447,user_10@example.com,22/11/2536,33ปี 7วัน,สูญหาย,กัญญารัตน์ รัตนวงค์,17/06/2521,48ปี 165วัน,-,-,-,-,มีชีวิต,ชุติมา รัตนวงค์,06/06/2562,7ปี 176วัน,29/11/2568,29/11/2569,50 วัน
